gene,gene_start,gene_end,,,,,,,,,
S,21563,25384,,,,,S ,E156G,22028,22029,22030
ORF3a,25393,26220,,,,,S ,D614G,23402,23403,23404
E,26245,26472,,,,,ORF8 ,S84L,28143,28144,28145
M,26523,27191,,,,,ORF3a ,S26L,25468,25469,25470
ORF6,27202,27387,,,,,S ,P681R,23603,23604,23605
ORF7a,27394,27759,,,,,ORF1b ,P314L,14381,14382,14383
ORF7b,27756,27887,,,,,M ,I82T,26766,26767,26768
ORF8,27894,28259,,,,,ORF1b ,P1000L,16439,16440,16441
N,28274,29533,,,,,N ,R203M,28880,28881,28882
ORF10,29558,29674,,,,,S ,T19R,21617,21618,21619
ORF1a,266,13441,,,,,N ,D377Y,29402,29403,29404
ORF1b,13442,21552,,,,,ORF1b ,G662S,15425,15426,15427
,,,,,,,S ,T478K,22994,22995,22996
,,,,,,,N ,D63G,28460,28461,28462
,,,,,,,S ,L452R,22916,22917,22918
,,,,,,,ORF8 ,del119/120,,,
,,,,,,,S ,D950N,24410,24411,24412
,,,,,,,ORF7a ,T120I,27751,27752,27753
,,,,,,,ORF7a ,V82A,27637,27638,27639
,,,,,,,S ,del157/158,,,
,,,,,,,ORF1a ,T3255I,10028,10029,10030
,,,,,,,ORF1a ,T3646A,11201,11202,11203
,,,,,,,ORF1b ,A1918V,19193,19194,19195
,,,,,,,ORF1a ,A1306S,4181,4182,4183
,,,,,,,ORF1a ,V2930L,9053,9054,9055
,,,,,,,N ,G215C,28916,28917,28918
,,,,,,,ORF7b ,T40I,27873,27874,27875
,,,,,,,ORF1a ,P2046L,6401,6402,6403
,,,,,,,ORF1a ,P2287S ,7124,7125,7126
