INAB sample ID,lineage
INAB1,
INAB2,
V1000,B.1.1.7
V1001,B.1.1.7
V1002,B.1.1.7
V1003,B.1.1.7
V1004,B.1.1.7
V1005,B.1.1.7
V1006,B.1.1.7
V1007,B.1.1.7
V1008,B.1.1.7
V1009,B.1.1.7
V1010,B.1.1.7
V1011,B.1.1.7
V1012,B.1.1.7
V1109,B.1.1.7
V1110,B.1.1.7
V1111,B.1.1
V1112,B.1.1.7
V1113,B.1.1.7
V1114,B.1.1.7
V1115,B.1.1.7
V1116,B.1.1.7
V1117,B.1.1.7
V1118,B.1.1.7
V1119,B.1.1.7
V1120,B.1.1.7
V1121,B.1.1.7
V1122,B.1.1.7
V1123,B.1.1.7
V1124,B.1.1.7
V1125,B.1.1.7
V1126,B.1.1.7
V1127,B.1.1.7
V1128,B.1.1.7
V1129,B.1.1.7
V1130,B.1.1.7
V1131,B.1.1.7
V1132,B.1.1.7
V1133,B.1.1.7
V1134,B.1.1.7
V1135,B.1.1.7
V1136,B.1.1.7
V1137,B.1.1.7
V1138,B.1.1.7
V1139,B.1.1.7
V1140,B.1.1.7
V1141,B.1.1.7
V1142,B.1.1.7
V1143,B.1.1.7
V1144,B.1.1.7
V1145,B.1.1.7
V1146,B.1.1.7
V1147,B.1.1.7
V1148,B.1.1.7
V1157,B.1.1.7
V1158,B.1.1.7
V1159,B.1.1.7
V1160,B.1.1.7
V1161,B.1.1.7
V1162,B.1.1.7
V1163,B.1.1.7
V1164,B.1.1.7
V1165,B.1.1.7
V1166,B.1.1.7
V1167,B.1.1.7
V1168,B.1.1.7
V1169,B.1.1.7
V1170,B.1.1.7
V1171,B.1.1.7
V1172,B.1.1.7
V1173,B.1.1.7
V1174,B.1.1.7
V1175,B.1.1.7
V1176,B.1.1.7
V1177,B.1.1.7
V1178,B.1.1.7
V1179,B.1.1.7
V1180,B.1.1.7
V1181,B.1.1.7
V1182,B.1.1.7
V1183,B.1.1.7
V1184,B.1.1.7
V1188,B.1.1.7
V1189,B.1.1.7
V1190,B.1.1.7
V1191,B.1.1.7
V1192,B.1.1.7
V1193,B.1.1.7
V1194,B.1.1.7
V1195,B.1.1.7
V1196,
V1197,B.1.1.7
V1198,B.1.1.7
V1199,B.1.1.7
V1200,B.1.1.7
V1201,B.1.1.7
V1202,B.1.1.7
V1203,B.1.1.7
V1204,B.1.1.7
V1205,B.1.1.7
V1206,B.1.1.7
V1207,
V1208,B.1.1.7
V1209,B.1.1.7
V1210,B.1.1.7
V1211,B.1.1.7
V1212,B.1.1.7
V1213,B.1.1.7
V1214,B.1.1.7
V1215,B.1.1.7
V1216,B.1.1.7
V1217,B.1.1.7
V1218,B.1.1.7
V1219,B.1.1.7
V1220,B.1.1.7
V1221,B.1.1.7
V1222,B.1.1.7
V1223,B.1.1.7
V1224,B.1.1.7
V1225,B.1.1.7
V1226,B.1.1.7
V1227,B.1.1.7
V1228,B.1.1.7
V1229,B.1.1.7
V1230,B.1.1.7
V1231,B.1.1.7
V1232,B.1.1.7
V1233,B.1.1.7
V1234,B.1.1.7
V1235,B.1.1.7
V1236,B.1.1.7
V1237,B.1.1.7
V1238,B.1.1.7
V1239,B.1.1.7
V1240,B.1.1.7
V1241,B.1.1.7
V1242,B.1.1.7
V1243,B.1.1.7
V1244,B.1.1.7
V1245,B.1.1.7
V1246,B.1.1.7
V1247,B.1.1.7
V1248,B.1.1.7
V1249,B.1.1.7
V1250,B.1.1.7
V1251,B.1.1.7
V1252,B.1.1.7
V1253,B.1.1.7
V1254,B.1.1.7
V1255,B.1.1.7
V1256,B.1.1.7
V1257,B.1.1.7
V1258,B.1.1.7
V1259,B.1.1.7
V1260,B.1.1.7
V1261,
V1262,B.1.1.7
V1263,B.1.1.7
V1264,B.1.1.7
V1265,B.1.1.7
V1266,
V1267,
V1268,B.1.1.7
V1269,B.1.1.7
V1270,B.1.1.7
V1271,B.1.1.7
V1272,B.1.1.7
V1273,B.1.1.7
V1274,B.1.1.7
V1275,B.1.1.7
V1276,B.1.1.7
V1277,B.1.1.7
V1278,B.1.1.7
V1279,B.1.1.7
V1280,B.1.1.7
V1281,B.1.1.7
V1282,
V1283,B.1.1.7
V1284,
V1285,B.1.1.7
V1286,
V1287,B.1.1.7
V1288,
V1289,B.1.1.7
V1290,B.1.1.7
V1291,B.1.1.7
V1292,B.1.1.7
V1293,B.1.1.7
V1294,B.1.1.7
V1295,B.1.1.7
V1296,B.1.1.7
V1297,
V1298,B.1.1.7
V1299,B.1.1.7
V1300,B.1.1.7
V1301,B.1.1.7
V1302,B.1.1.7
V1303,B.1.1.318
V1304,B.1.1.7
V1305,B.1.1.7
V1306,B.1.1.7
V1307,B.1.1.7
V1308,B.1.1.7
V1309,B.1.1.7
V1310,B.1.1.7
V1311,B.1.1.7
V1312,B.1.1.7
V1313,B.1.1.7
V1314,B.1.1.7
V1315,B.1.1.7
V1316,B.1.1.7
V1317,B.1.1.7
V1318,B.1.1.7
V1319,B.1.1.7
V1320,B.1.1.7
V1321,B.1.1.318
V1322,B.1.1.7
V1323,B.1.1.7
V1324,B.1.1.7
V1325,B.1.1.7
V1326,B.1.1.7
V1327,B.1.1.7
V1328,B.1.1.7
V1329,B.1.1.7
V1330,B.1.1.7
V1331,B.1.1.7
V1332,B.1.1.7
V1333,B.1.1.7
V1334,B.1.1.7
V1335,B.1.1.7
V1336,B.1.1.7
V1337,
V1338,B.1.1.7
V1339,B.1.1.7
V1340,B.1.1.7
V1341,B.1.1.7
V1342,B.1.1.7
V1343,B.1.1.7
V1344,B.1.1.7
V1345,B.1.1.7
V1346,B.1.1.7
V1347,B.1.1.7
V1348,B.1.1.7
V1349,B.1.1.7
V1350,B.1.1.7
V1351,B.1.1.7
V1352,B.1.1.7
V1353,B.1.1.7
V1354,B.1.1.7
V1355,B.1.1.7
V1356,B.1.1.7
V1357,B.1.1.7
V1358,B.1.1.7
V1359,
V1360,B.1.1.318
V1361,B.1.1.7
V1362,B.1.1.7
V1363,B.1.1.7
V1364,B.1.1.7
V1365,B.1.1.7
V1366,B.1.1.7
V1367,B.1.1.7
V1368,B.1.1.7
V1369,B.1.1.7
V1370,B.1.1.7
V1371,B.1.1.7
V1372,B.1.1.7
V1373,B.1.1.7
V1374,B.1.1.7
V1375,B.1.1.7
V1376,B.1.1.7
V1377,B.1.1.7
V1378,B.1.1.7
V1379,B.1.1.7
V1380,B.1.1.7
V1381,B.1.1.7
V1382,B.1.1.7
V1383,B.1.1.7
V1384,B.1.1.7
V1385,B.1.1.7
V1386,
V1387,B.1.1.7
V1392,B.1.1.7
V1393,B.1.617.2
V1394,B.1.1.7
V1395,B.1.1.7
V1396,B.1.1.7
V1397,B.1.1.7
V1398,B.1.1.7
V1399,B.1.1.7
V1400,B.1.1.7
V1401,B.1.1.7
V1402,B.1.1.7
V1403,B.1.1.7
V1404,B.1.1.7
V1405,B.1.1.7
V1406,B.1.1.7
V1407,B.1.1.7
V1408,B.1.1.7
V1409,B.1.1.7
V1410,B.1.1.7
V1411,B.1.1.7
V1412,B.1.1.7
V1413,B.1.1.7
V1414,B.1.1.7
V1415,B.1.1.7
V1416,B.1.1.7
V1417,B.1.1.7
V1418,B.1.1.7
V1419,B.1.1.7
V1420,
V1421,B.1.1.7
V1422,B.1.1.7
V1423,B.1.1.7
V1424,B.1.1.7
V1425,B.1.1.7
V1426,B.1.1.7
V1427,B.1.1.7
V1428,B.1.1.7
V1429,B.1.1.7
V1430,B.1.1.7
V1431,B.1.1.7
V1432,B.1.1.7
V1433,B.1.1.7
V1434,B.1.1.7
V1435,B.1.1.7
V1436,B.1.1.7
V1437,B.1.1.7
V1438,B.1.1.7
V1439,B.1.1.7
V1440,B.1.1.7
V1441,B.1.1.7
V1442,B.1.1.7
V1443,B.1.1.7
V1444,B.1.1.7
V1445,B.1.1.7
V1446,B.1.1.7
V1447,B.1.1.7
V1448,B.1.1.7
V1449,B.1.1.7
V1450,B.1.1.7
V1451,B.1.1.318
V1452,B.1.1.7
V1453,B.1.1.7
V1454,B.1.1.7
V1455,B.1.1.7
V1456,B.1.1.7
V1457,B.1.1.7
V1458,B.1.1.7
V1459,B.1.1.7
V1460,B.1.1.7
V1461,B.1.1.7
V1462,B.1.1.7
V1463,B.1.1.7
V1464,B.1.1.7
V1465,B.1.1.7
V1466,B.1.1.7
V1467,
V1468,B.1.1.7
V1469,B.1.1.318
V1470,B.1.1.318
V1471,B.1.1.318
V1472,B.1.1.7
V1473,B.1.1.7
V1474,B.1.1.318
V1475,B.1.1.7
V1476,B.1.1.7
V1477,B.1.1.7
V1478,
V1479,B.1.1.7
V1480,B.1.1.7
V1481,AT.1
V1482,B.1.1.7
V1483,B.1.1.318
V1484,B.1.1.7
V1485,B.1.1.7
V1486,B.1.1.7
V1487,B.1.1.7
V1488,B.1.1.7
V1489,B.1.1.7
V1490,B.1.1.7
V1491,B.1.1.7
V1492,B.1.1.7
V1493,B.1.1.7
V1494,B.1.1.7
V1495,B.1.1.7
V1496,B.1.1.7
V1497,B.1.1.7
V1498,B.1.1.7
V1499,B.1.1.318
V1500,B.1.1.7
V1501,
V1502,B.1.1.7
V1503,
V1504,
V1505,B.1.1.7
V1506,B.1.1.7
V1507,B.1.1.7
V1508,
V1509,B.1.617.2
V1510,B.1.1.7
V1511,B.1.1.7
V1512,B.1.1.7
V1513,B.1.1.7
V1514,B.1.1.7
V1515,B.1.1.7
V1516,B.1.1.7
V1517,B.1.1.7
V1518,B.1.1.7
V1519,B.1.1.7
V1520,B.1.1.7
V1521,B.1.1.7
V1522,B.1.1.7
V1523,B.1.1.7
V1524,B.1.1.7
V1525,B.1.1.7
V1526,B.1.1.7
V1527,B.1.1.7
V1528,
V1529,B.1.1.7
V1530,B.1.1.7
V1531,
V1532,B.1.1.7
V1533,B.1.1.7
V1534,B.1.1.7
V1535,B.1.1.7
V1536,B.1.1.7
V1537,B.1.1.7
V1538,B.1.1.7
V1539,B.1.1.7
V1540,B.1.1.7
V1541,B.1.1.7
V1542,B.1.1.7
V1543,B.1.1.7
V1544,B.1.1.7
V1545,B.1.1.7
V1546,B.1.1.7
V1547,B.1.1.7
V1548,B.1.1.7
V1549,
V1550,B.1.1.7
V1551,B.1.1.7
V1552,B.1.1.7
V1553,B.1.1.7
V1554,B.1.1.7
V1555,B.1.1.7
V1556,B.1.1.7
V1557,B.1.1.7
V1558,B.1.1.7
V1559,B.1.1.7
V1560,B.1.1.7
V1561,B.1.1.305
V1562,B.1.1.7
V1563,B.1.1.7
V1564,B.1.1.7
V1565,B.1.1.7
V1566,B.1.1.7
V1567,B.1.1.7
V1568,B.1.1.7
V1569,B.1.1.7
V1570,B.1.1.7
V1571,B.1.1.7
V1572,B.1.1.7
V1573,B.1.1.7
V1574,
V1575,B.1.1.7
V1576,B.1.1.7
V1577,B.1.1.7
V1578,B.1.1.7
V1579,B.1.1.7
V1580,B.1.1.7
V1581,B.1.1.7
V1582,B.1.1.7
V1583,B.1.1.7
V1584,B.1.1.7
V1585,B.1.1.7
V1586,B.1.1.7
V1587,B.1.1.7
V1588,B.1.1.7
V1589,B.1.1.7
V1590,B.1.1.7
V1591,B.1.1.7
V1592,B.1.1.7
V1593,B.1.1.7
V1594,B.1.1.7
V1595,B.1.1.7
V1596,B.1.1.7
V1597,B.1.1.7
V1598,B.1.1.7
V1599,B.1.1.7
V1600,B.1.1.7
V1601,B.1.1.7
V1602,B.1.1.7
V1603,B.1.1.7
V1604,B.1.1.7
V1605,B.1.1.7
V1606,B.1.1.7
V1607,B.1.1.7
V1608,B.1.1.7
V1609,B.1.1.7
V1610,B.1.1.7
V1611,B.1.1.7
V1612,B.1.1.7
V1613,B.1.1.7
V1614,B.1.1.7
V1615,B.1.1.7
V1616,B.1.1.7
V1617,B.1.1.7
V1618,B.1.1.7
V1619,B.1.1.7
V1620,B.1.1.7
V1621,B.1.1.7
V1622,B.1.1.7
V1623,B.1.1.7
V1624,B.1.1.7
V1625,B.1.1.7
V1626,B.1.1.7
V1627,
V1628,B.1.1.7
V1629,B.1.1.7
V1630,B.1.1.7
V1631,B.1.1.7
V1632,B.1.1.7
V1633,B.1.1.7
V1634,B.1.1.7
V1635,B.1.1.7
V1636,B.1.1.7
V1637,B.1.1.7
V1638,B.1.1.7
V1639,B.1.1.7
V1640,B.1.1.7
V1641,B.1.1.7
V1642,
V1643,B.1.1.7
V1644,B.1.1.7
V1645,B.1.1.7
V1646,B.1.1.7
V1647,B.1.1.318
V1648,B.1.1.7
V1649,B.1.1.7
V1650,B.1.1.7
V1651,B.1.1.7
V1652,B.1.1.7
V1653,B.1.1.7
V1654,B.1.1.7
V1655,B.1.1.7
V1656,B.1.1.318
V1657,B.1.1.318
V1658,B.1.1.7
V1659,B.1.1.7
V1660,
V1661,
V1662,B.1.1.7
V1663,B.1.1.7
V1665,B.1.1.7
V1666,B.1.1.7
V1667,B.1.1.7
V1668,B.1.1.7
V1669,B.1.1.318
V1670,B.1.1.7
V1671,
V1672,
V1673,B.1.1.7
V1674,B.1.1.7
V1675,B.1.1.7
V1676,B.1.1.7
V1677,B.1.1.7
V1678,B.1.1.7
V1679,B.1.1.7
V1680,B.1.1.7
V1681,B.1.1.7
V1682,B.1.1.7
V1683,
V1684,B.1.1.7
V1685,B.1.1.7
V1686,B.1.1.7
V1687,B.1.1.7
V1688,B.1.1.7
V1689,B.1.1.7
V1690,B.1.1.318
V1691,B.1.1.7
V1692,B.1.1.7
V1693,B.1.1.7
V1694,
V1695,B.1.1.7
V1696,B.1.1.7
V1697,B.1.1.7
V1698,B.1.1.7
V1699,B.1.1.7
V1700,B.1.1.7
V1701,B.1.1.7
V1702,
V1703,B.1.1.318
V1704,
V1705,
V1706,B.1.1.318
V1707,B.1.1.318
V1708,B.1.1.7
V1709,B.1.1.7
V1710,B.1.1.7
V1711,B.1.1.7
V1712,B.1.1.7
V1713,B.1.1.7
V1714,B.1.1.318
V1715,B.1.1.7
V1716,
V1717,B.1.1.7
V1718,B.1.1.7
V1719,B.1.617.2
V1720,B.1.1.7
V1721,B.1.1.7
V1722,B.1.1.7
V1723,B.1.1.7
V1724,B.1.1.7
V1725,B.1.1.7
V1726,B.1.1.7
V1727,B.1.1.7
V1728,B.1.1.7
V1729,B.1.1.7
V1730,B.1.1.7
V1731,
V1732,B.1.1.7
V1733,
V1734,
V1735,B.1.1.318
V1736,B.1.1.318
V1737,B.1.1.7
V1739,
V1740,B.1.1.7
V1741,
V1742,B.1.1.318
V1743,B.1.1.7
V1744,B.1.1.7
V1745,B.1.1.7
V1746,B.1.1.7
V1747,B.1.1.7
V1748,B.1.1.318
V1749,B.1.1.7
V1750,B.1.1.7
V1751,B.1.1.7
V1752,B.1.1.7
V1753,
V1754,B.1.1.7
V1755,B.1.1.7
V1756,B.1.1.7
V1757,B.1.1.7
V1758,B.1.1.7
V1759,B.1.1.7
V1760,B.1.1.7
V1761,B.1.1.7
V1762,B.1.1.7
V1763,B.1.1.7
V1764,B.1.1.7
V1765,
V1766,B.1.1.7
V1767,B.1.1.7
V1768,B.1.1.7
V1769,B.1.1.7
V1770,B.1.1.7
V1771,B.1.1.7
V1772,B.1.1.7
V1773,B.1.1.7
V1774,B.1.1.7
V1775,B.1.1.7
V1776,B.1.1.7
V1777,B.1.1.7
V1778,B.1.1.7
V1779,B.1.1.7
V1780,B.1.1.7
V1781,B.1.1.7
V1782,B.1.1.7
V1783,B.1.1.7
V1784,B.1.1.7
V1785,B.1.1.7
V1786,B.1.1.7
V1787,B.1.1.7
V1788,B.1.1.7
V1789,B.1.1.7
V1790,B.1.1.7
V1791,B.1.1.7
V1792,B.1.1.7
V1793,B.1.1.7
V1794,B.1.1.7
V1795,B.1.1.7
V1796,B.1.1.7
V1797,B.1.1.7
V1798,B.1.1.7
V1799,B.1.1.7
V1800,B.1.1.7
V1801,B.1.1.7
V1802,B.1.1.7
V1803,B.1.1.7
V1804,B.1.1.7
V1805,B.1.1.7
V1806,B.1.1.7
V1807,B.1.1.7
V1808,B.1.1.7
V1809,
V1810,B.1.1.7
V1811,B.1.1.7
V1812,B.1.1.7
V1813,B.1.1.7
V1814,B.1.1.7
V1815,B.1.1.7
V1816,B.1.1.7
V1817,B.1.1.7
V1818,B.1.1.7
V1819,B.1.1.7
V1820,B.1.1.7
V1821,B.1.1.7
V1822,B.1.1.7
V1823,B.1.1.7
V1824,B.1.1.7
V1825,B.1.1.7
V1826,B.1.1.7
V1827,B.1.1.7
V1828,B.1.1.7
V1829,B.1.1.7
V1830,B.1.1.7
V1831,B.1.1.7
V1832,
V1833,B.1.1.7
V1834,B.1.1.7
V1835,B.1.1.7
V1836,B.1.1.7
V1837,B.1.1.7
V1838,B.1.1.7
V1839,B.1.1.7
V1840,B.1.1.7
V1841,B.1.1.7
V1842,B.1.1.7
V1843,
V1844,B.1.1.7
V1845,B.1.1.7
V1846,B.1.1.7
V1847,B.1.1.7
V1848,B.1.1.7
V1849,B.1.1.7
V1850,B.1.1.7
V1851,B.1.617.2
V1852,B.1.1.7
V1853,B.1.1.7
V1854,B.1.1.7
V1855,B.1.1.7
V1856,B.1.1.7
V1857,B.1.1.7
V1858,B.1.1.7
V1859,B.1.1.7
V1860,B.1.1.7
V1861,B.1.1.7
V1862,B.1.1.7
V1863,B.1.1.318
V1864,B.1.1.7
V1865,B.1.1.7
V1866,B.1.1.7
V1867,B.1.1.7
V1868,B.1.1.7
V1869,B.1.1.7
V1870,B.1.1.7
V1871,B.1.1.7
V1872,B.1.617.2
V1873,B.1.1.7
V1874,B.1.1.7
V1875,B.1.1.7
V1876,B.1.1.7
V1877,B.1.1.7
V1878,B.1.1.7
V1879,
V1880,
V1881,B.1.1.7
V1882,B.1.1.7
V1883,
V1884,B.1.1.7
V1885,B.1.1.7
V1886,B.1.1.7
V1887,B.1.1.7
V1888,B.1.1.7
V1889,B.1.1.7
V1890,B.1.1.7
V1891,B.1.1.7
V1892,B.1.1.7
V1893,B.1.1.7
V1894,B.1.1.7
V1895,B.1.1.7
V1896,B.1.1.7
V1897,B.1.1.7
V1898,
V1899,B.1.1.7
V1900,B.1.1.7
V1901,B.1.1.7
V1902,B.1.1.7
V1903,B.1.1.7
V1904,B.1.1.7
V1905,B.1.1.7
V1906,B.1.1.7
V1907,B.1.1.318
V1908,B.1.1.7
V1909,B.1.1.7
V1910,
V1911,B.1.1.318
V1912,B.1.1.318
V1913,B.1.1.318
V1914,B.1.1.7
V1915,B.1.1
V1916,B.1.1.7
V1917,B.1.1.7
V1918,
V1919,B.1.1.318
V1920,B.1.617.2
V1921,
V1922,
V1923,B.1.1.7
V1924,B.1.1.7
V1925,B.1.1.7
V1926,B.1.1.7
V1927,
V1928,B.1.1.318
V1929,B.1.1.7
V1930,B.1.1.7
V1931,
V1932,B.1.1.7
V1933,B.1.1.7
V1934,B.1.1.7
V1935,B.1.1.7
V1936,B.1.1.7
V1937,B.1.1.7
V1938,B.1.1.7
V1939,B.1.1.7
V1940,B.1.1.7
V1941,B.1.1.318
V1942,B.1.1.7
V1943,B.1.1.7
V1944,B.1.1.7
V1945,B.1.1.7
V1946,B.1.1.7
V1947,B.1.1.7
V1948,B.1.1.7
V1949,B.1.1.7
V1950,B.1.1.7
V1951,B.1.1.7
V1952,B.1.1.7
V1953,B.1.1.7
V1954,B.1.1.318
V1955,B.1.1.7
V1956,B.1.1.7
V1957,B.1.1.7
V1958,B.1.1.7
V1959,B.1.1.7
V1960,B.1.1.7
V1961,B.1.1.7
V1962,B.1.1.7
V1963,B.1.1.7
V1964,B.1.1.7
V1965,B.1.1.7
V1966,B.1.1.7
V1967,B.1.1.7
V1968,B.1.1.7
V1969,
V1970,B.1.1.7
V1971,B.1.1.7
V1972,B.1.1.7
V1973,B.1.1.7
V1977,B.1.1.7
V1978,B.1.1.7
V1979,
V1980,
V1981,B.1.1.7
V1982,B.1.1.7
V1983,B.1.1.7
V1984,B.1.1.7
V1985,B.1.1.7
V1986,B.1.1.7
V1987,B.1.617.2
V1988,B.1.1.7
V1989,B.1.1.7
V1990,B.1.1.7
V1991,B.1.1.7
V1992,B.1.1.7
V1993,B.1.1.7
V1994,B.1.1.7
V1995,B.1.1.318
V1996,B.1.1.7
V1997,B.1.1.7
V1998,B.1.1.7
V1999,B.1.1.7
V2000,B.1.1.7
V2001,B.1.1.7
V2002,B.1.1.7
V2003,B.1.1.7
V2004,B.1.1.7
V2005,B.1.1.7
V2006,B.1.1.7
V2007,B.1.1.7
V2008,B.1.1.318
V2009,B.1.1.7
V2010,B.1.1.7
V2011,B.1.1.7
V2012,B.1.1.7
V2013,B.1.1.7
V2014,B.1.1.7
V2015,B.1.1.7
V2016,B.1.1.7
V2017,B.1.1.7
V2018,B.1.1.7
V2019,B.1.1.7
V2020,
V2021,B.1.1.7
V2022,B.1.1.7
V2023,B.1.1.7
V2024,B.1.1.7
V2025,B.1.1.7
V2026,B.1.1.7
V2027,B.1.1.7
V2028,B.1.1.7
V2029,B.1.1.7
V2030,B.1.1.7
V2031,B.1.1.7
V2032,B.1.1.7
V2033,B.1.1.7
V2034,B.1.1.7
V2035,B.1.1.7
V2036,B.1.1.7
V2037,B.1.1.7
V2038,B.1.1.7
V2039,B.1.1.7
V2040,B.1.1.7
V2041,B.1.1.7
V2042,B.1.1.7
V2043,B.1.1.7
V2044,B.1.1.7
V2045,B.1.1.7
V2046,B.1.1.7
V2047,B.1.1.318
V2048,B.1.1.318
V2049,B.1.1.7
V2050,B.1.1.7
V2051,
V2052,B.1.1.7
V2053,B.1.1.7
V2054,B.1.1.7
V2055,B.1.1.318
V2056,B.1.1.7
V2057,B.1.1.7
V2058,B.1.1.7
V2059,B.1.1.7
V2060,B.1.1.7
V2061,B.1.1.7
V2062,B.1.617.2
V2063,B.1.1.7
V2064,B.1.1.7
V2065,B.1.1.7
V2066,
V2067,
V2068,B.1.1.7
V2069,B.1.1.7
V2070,B.1.1.7
V2071,B.1.1.7
V2072,B.1.1.7
V2073,B.1.1.7
V2074,B.1.1.318
V2075,
V2076,B.1.1.7
V2077,B.1.1.7
V2078,B.1.1.7
V2079,B.1.1.7
V2080,B.1.1.7
V2081,B.1.1.7
V2082,B.1.1.7
V2083,B.1.1.7
V2084,B.1.1.7
V2085,B.1.1.7
V2086,B.1.1.7
V2087,B.1.1.7
V2088,B.1.1.7
V2089,B.1.1.7
V2090,B.1.1.7
V2091,B.1.1.7
V2092,B.1.1.7
V2093,B.1.1.7
V2094,B.1.1.7
V2095,B.1.1.7
V2096,B.1.1.7
V2097,B.1.1.7
V2098,B.1.1.7
V2099,B.1.1.7
V2152,B.1.1.7
V2153,B.1.1.7
V2154,B.1.1.7
V2155,B.1.1.7
V2156,
V2157,B.1.1.7
V2158,B.1.617.2
V2159,
V2160,B.1.1.7
V2161,B.1.1.7
V2162,B.1.1.7
V2163,B.1.1.7
V2164,B.1.1.7
V2165,B.1.1.7
V2166,B.1.1.7
V2167,B.1.1.7
V2168,B.1.1.7
V2169,B.1.1.7
V2170,B.1.1.7
V2171,B.1.1.7
V2172,B.1.1.7
V2173,B.1.1.7
V2174,B.1.617.2
V2175,B.1.1.7
V2176,B.1.1.7
V2177,B.1.1.7
V2178,B.1.617.2
V2179,B.1.1.7
V2180,B.1.1.7
V2181,B.1.1.7
V2182,B.1.617.2
V2183,B.1.1.318
V2184,B.1.1.318
V2185,B.1.617.2
V2186,B.1.1.7
V2187,B.1.1.7
V2188,B.1.1.7
V2189,B.1.1.7
V2190,B.1.1.7
V2191,
V2192,
V2193,B.1.1.7
V2194,
V2195,B.1.1.7
V2196,B.1.1.7
V2197,B.1.1.7
V2198,B.1.1.7
V2199,B.1.1.7
V2200,B.1.1.7
V2201,B.1.1.7
V2202,B.1.1.7
V2203,B.1.1.7
V2204,B.1.617.2
V2205,B.1.1.7
V2206,B.1.1.7
V2207,
V2208,B.1.1.7
V2209,B.1.1.7
V2210,B.1.1.7
V2211,
V2212,B.1.1.318
V2213,
V2214,B.1.1.7
V2215,B.1.1.7
V2216,B.1.1.7
V2217,B.1.1.7
V2218,B.1.1
V2219,B.1.1.7
V2220,B.1.617.2
V2221,
V2222,B.1.617.2
V2223,B.1.617.2
V2224,B.1.617.2
V2226,B.1.1.7
V2227,B.1.1.7
V2228,B.1.1.7
V2229,B.1.1.7
V2230,B.1.617.2
V2231,B.1.1.7
V2232,B.1.1.7
V2234,B.1.1.7
V2235,B.1.1.7
V2236,B.1.1.7
V2237,B.1.1.7
V2238,B.1.1.7
V2239,B.1.1.7
V2240,B.1.1.7
V2242,B.1.1.7
V2243,B.1.1.7
V2244,B.1.1.7
V2245,B.1.1.7
V2246,B.1.617.2
V2247,B.1.1.7
V2248,B.1.1.7
V2250,B.1.617.2
V2251,B.1.1.7
V2252,B.1.617.2
V2253,B.1.1.7
V2254,B.1.1.7
V2255,B.1.617.2
V2256,B.1.617.2
V2258,B.1.617.2
V2259,B.1.1.7
V2260,B.1.1.7
V2261,B.1.617.2
V2262,B.1.1.7
V2263,B.1.617.2
V2264,B.1.1.7
V2266,B.1.1.7
V2267,B.1.1.7
V2268,B.1.1.7
V2269,B.1.1.7
V2270,B.1.1.7
V2271,B.1.1.7
V2272,B.1.1.7
V2274,B.1.617.2
V2275,B.1.1.7
V2276,B.1.1.7
V2277,B.1.617.2
V2278,B.1.617.2
V2279,B.1.1.7
V2280,B.1.1.318
V2282,B.1.617.2
V2283,B.1.1.7
V2284,B.1.1.7
V2285,B.1.1.7
V2286,B.1.1.7
V2287,B.1.617.2
V2288,B.1.1.7
V2290,B.1.617.2
V2291,B.1.617.2
V2292,B.1.1.7
V2293,B.1.1.7
V2294,B.1.617.2
V2295,B.1.617.2
V2296,B.1.617.2
V2298,B.1.617.2
V2299,B.1.1.7
V2300,B.1.617.2
V2301,
V2302,B.1.617.2
V2303,B.1.617.2
V2304,B.1.617.2
V2325,B.1.1.7
V2326,B.1.1.7
V2327,B.1.617.2
V2328,B.1.1.7
V2329,B.1.351.3
V2330,B.1.1.7
V2331,B.1.1.7
V2332,B.1.1.7
V2333,B.1.1.7
V2334,B.1.1.7
V2335,B.1.1.7
V2336,B.1.1.7
V2337,B.1.617.2
V2338,B.1.617.2
V2339,B.1.1.7
V2340,B.1.1.7
V2341,B.1.1.7
V2342,B.1.1.7
V2343,B.1.617.2
V2344,B.1.617.2
V2345,B.1.617.2
V2346,B.1.1.7
V2347,B.1.1.7
V2348,B.1.1.7
V2349,B.1.617.2
V2350,B.1.617.2
V2351,B.1.617.2
V2352,B.1.617.2
V2353,B.1.617.2
V2354,B.1.617.2
V2355,B.1.1.318
V2356,B.1.1.7
V2357,B.1.1.7
V2358,B.1.1.7
V2359,B.1.617.2
V2360,B.1.1.7
V2361,B.1.617.2
V2362,B.1.1.7
V2363,B.1.1.7
V2364,B.1.1.7
V2365,B.1.1.7
V2366,B.1.617.2
V2367,B.1.1.318
V2368,B.1.1.7
V2369,
V2370,B.1.617.2
V2371,B.1.1.7
V2372,B.1.1.7
V2373,B.1.617.2
V2374,B.1.1.7
V2375,B.1.1.7
V2376,B.1.1.7
V2377,B.1.1.7
V2378,B.1.1.7
V2379,B.1.1.7
V2380,B.1.1.7
V2381,B.1.1.7
V2382,B.1.1.7
V2383,B.1.1.7
V2384,B.1.1.7
V2385,B.1.617.2
V2386,B.1.1.7
V2387,B.1.1.7
V2388,B.1.617.2
V2389,B.1.1.7
V2390,B.1.1.7
V2391,B.1.1.7
V2392,B.1.1.7
V2393,B.1.1.7
V2394,B.1.617.2
V2395,B.1.1.7
V2396,
V2397,B.1.617.2
V2398,B.1.617.2
V2399,B.1.1.7
V2400,B.1.617.2
V2401,B.1.1.7
V2402,B.1.617.2
V2403,B.1.617.2
V2404,B.1.617.2
V2405,B.1.1.7
V2406,B.1.617.2
V2407,B.1.617.2
V2408,B.1.617.2
V2409,
V2410,B.1.617.2
V2411,B.1.617.2
V2412,B.1.617.2
V2413,B.1.1.7
V2414,B.1.617.2
V2415,B.1.617.2
V2416,B.1.617.2
V2417,B.1.617.2
V2418,B.1.617.2
V2419,B.1.617.2
V2420,B.1.1.7
V2421,B.1.617.2
V2422,B.1.617.2
V2423,B.1.617.2
V2424,B.1.617.2
V2425,B.1.617.2
V2426,B.1.1.7
V2427,
V2428,B.1.617.2
V2429,B.1.617.2
V2430,B.1.1.7
V2431,B.1.617.2
V2432,B.1.1.7
V2433,B.1.1.7
V2434,B.1.1.7
V2435,B.1.617.2
V2436,B.1.617.2
V2437,B.1.617.2
V2438,B.1.617.2
V2439,B.1.617.2
V2440,B.1.1.7
V2441,B.1.617.2
V2442,B.1.617.2
V2443,
V2444,B.1.617.2
V2445,B.1.617.2
V2446,B.1.1.7
V2447,B.1.617.2
V2448,B.1.1.7
V2449,B.1.617.2
V2450,B.1.617.2
V2451,B.1.617.2
V2452,B.1.617.2
V2453,B.1.617.2
V2454,B.1.617.2
V2455,B.1.1.7
V2456,B.1.1.7
V2457,B.1.617.2
V2458,B.1.1.7
V2459,B.1.617.2
V2460,B.1.617.2
V2461,
V2462,B.1.1.7
V2463,B.1.1.7
V2464,B.1.617.2
V2465,B.1.617.2
V2466,B.1.617.2
V2467,B.1.617.2
V2468,B.1.617.2
V2469,B.1.617.2
V2470,B.1.1.7
V2471,B.1.617.2
V2472,B.1.617.2
V2473,B.1.617.2
V2474,
V2475,B.1.36.36
V2476,B.1.617.2
V2477,B.1.617.2
V2478,
V2479,B.1.1.7
V2480,B.1.617.2
V2481,B.1.617.2
V2482,B.1.617.2
V2483,B.1.617.2
V2484,B.1.1.7
V2485,B.1.617.2
V2486,B.1.617.2
V2487,B.1.617.2
V2488,B.1.1.7
V2489,B.1.1.7
V2490,B.1.617.2
V2491,B.1.617.2
V2492,B.1.617.2
V2493,B.1.617.2
V2494,B.1.617.2
V2495,B.1.617.2
V2496,B.1.617.2
V2497,B.1.617.2
V2498,B.1.1.7
V2499,B.1.1.7
V2500,B.1.617.2
V2501,B.1.1.7
V2502,B.1.617.2
V2503,B.1.617.2
V2504,B.1.617.2
V2505,B.1.1.7
V2506,B.1.617.2
V2507,B.1.617.2
V2508,B.1.617.2
V2509,B.1.1.7
V2510,B.1.1.318
V2511,B.1.617.2
V2512,B.1.617.2
V2513,B.1.617.2
V2514,B.1.617.2
V2515,B.1.617.2
V2516,B.1.617.2
V2517,B.1.617.2
V2518,B.1.1.7
V2519,B.1.617.2
V2520,B.1.1.7
V2521,B.1.617.2
V2522,B.1.617.2
V2523,B.1.617.2
V2524,B.1.1.7
V2525,B.1.1.7
V2526,B.1.617.2
V2527,B.1.617.2
V2528,B.1.617.2
V2529,B.1.617.2
V2530,B.1.1.7
V2531,
V2532,B.1.617.2
V2533,B.1.1.7
V2534,B.1.617.2
V2535,B.1.617.2
V2536,B.1.617.2
V2537,B.1.1.7
V2538,B.1.617.2
V2539,B.1.617.2
V2540,
V2541,
V2542,B.1.617.2
V2543,B.1.617.2
V2544,B.1.1.7
V2545,B.1.617.2
V2546,B.1.617.2
V2547,B.1.617.2
V2548,B.1.617.2
V2549,B.1.617.2
V2550,B.1.617.2
V2551,B.1.617.2
V2552,B.1.1.7
V2553,B.1.1.7
V2554,B.1.1.7
V2555,
V2556,B.1.617.2
V2557,B.1.617.2
V2558,B.1.617.2
V2559,
V2560,B.1.617.2
V2561,B.1.1.318
V2562,B.1.1.7
V2563,
V2564,
V2565,B.1.617.2
V2566,B.1.1.318
V2567,B.1.617.2
V2568,B.1.617.2
V2569,B.1.617.2
V2570,B.1.617.2
V2571,
V2572,B.1.617.2
V2573,B.1.620
V2574,B.1.617.2
V2575,B.1.617.2
V2576,B.1.617.2
V2577,B.1.617.2
V2578,B.1.617.2
V2579,B.1.617.2
V2580,B.1.617.2
V2581,B.1.617.2
V2582,B.1.617.2
V2583,B.1.1.7
V2584,B.1.1.7
V2585,B.1.617.2
V2586,
V2587,B.1.1.7
V2588,B.1.617.2
V2589,B.1.617.2
V2590,B.1.617.2
V2591,B.1.1.7
V2592,B.1.617.2
V2593,B.1.617.2
V2594,B.1.617.2
V2595,B.1.617.2
V2596,B.1.617.2
V2597,B.1.617.2
V2598,B.1.1.7
V2599,B.1.617.2
V2600,B.1.617.2
V2601,B.1.617.2
V2602,B.1.1.7
V2603,B.1.617.2
V2604,B.1.1.7
V2605,B.1.1.7
V2606,B.1.1.7
V2607,B.1.617.2
V2608,B.1.617.2
V2609,B.1.1.7
V2610,B.1.617.2
V2611,B.1.617.2
V2612,B.1.617.2
V2613,B.1.1.7
V2614,B.1.617.2
V2615,B.1.1.7
V2616,B.1.617.2
V2617,B.1.1.7
V2618,B.1.617.2
V2619,B.1.1.7
V2620,B.1.1.7
V2621,B.1.1.7
V2622,B.1.617.2
V2623,B.1.617.2
V2624,B.1.1.7
V2625,B.1.1.7
V2626,B.1.1.7
V2627,B.1.617.2
V2628,B.1.1.7
V2629,B.1.1.7
V2630,B.1.1.7
V2631,B.1.1.318
V2632,B.1.617.2
V2633,B.1.617.2
V2634,B.1.617.2
V2635,B.1.617.2
V2636,B.1.1.7
V2637,B.1.1.7
V2638,B.1.617.2
V2639,B.1.1.7
V2640,B.1.1.7
V2641,B.1.351.3
V2642,B.1.1.7
V2643,B.1.1.7
V2644,B.1.617.2
V2645,B.1.1.7
V2646,B.1.617.2
V2647,B.1.617.2
V2648,B.1.1.7
V2649,B.1.617.2
V2650,B.1.617.2
V2651,B.1.617.2
V2652,B.1.1.7
V2653,B.1.617.2
V2654,B.1.1.7
V2655,B.1.1.7
V2656,B.1.1.7
V2657,B.1.617.2
V2658,B.1.617.2
V2659,B.1.617.2
V2660,B.1.617.2
V2661,B.1.617.2
V2662,B.1.617.2
V2663,B.1.617.2
V2664,B.1.617.2
V2665,B.1.617.2
V2666,B.1.1.7
V2667,B.1.1.7
V2668,B.1.617.2
V2669,B.1.617.2
V2670,B.1.617.2
V2671,B.1.617.2
V2672,B.1.617.2
V2673,B.1.617.2
V2674,B.1.617.2
V2675,B.1.617.2
V2676,B.1.617.2
V2677,B.1.617.2
V2678,B.1.617.2
V2679,B.1.617.2
V2680,B.1.617.2
V2681,B.1.1.7
V2682,B.1.617.2
V2683,B.1.617.2
V2684,B.1.1.7
V2685,B.1.1.7
V2686,B.1.617.2
V2687,B.1.617.2
V2688,B.1.617.2
V2689,B.1.617.2
V2690,B.1.617.2
V2691,B.1.617.2
V2692,B.1.1.7
V2693,B.1.617.2
V2694,
V2695,B.1.617.2
V2696,B.1.617.2
V2697,B.1.617.2
V2698,B.1.617.2
V2699,B.1.617.2
V2700,B.1.617.2
V2701,B.1.617.2
V2702,
V2703,B.1.1.7
V2704,B.1.617.2
V2705,B.1.1.7
V2706,B.1.617.2
V2707,B.1.617.2
V2708,B.1.617.2
V2709,B.1.1.7
V2710,
V2711,B.1.617.2
V2712,B.1.617.2
V2713,B.1.617.2
V2714,B.1.1.7
V2715,B.1.617.2
V2716,B.1.617.2
V2717,B.1.617.2
V2718,B.1.1.7
V2719,B.1.617.2
V2720,B.1.617.2
V2721,B.1.617.2
V2722,B.1.1.318
V2723,B.1.617.2
V2724,B.1.617.2
V2725,B.1.617.2
V2726,B.1.617.2
V2727,B.1.617.2
V2728,B.1.617.2
V2729,B.1.617.2
V2730,B.1.617.2
V2731,B.1.617.2
V2732,B.1.617.2
V2733,B.1.617.2
V2734,
V2735,B.1.617.2
V2736,B.1.617.2
V2737,B.1.617.2
V2738,B.1.617.2
V2739,B.1.617.2
V2740,B.1.617.2
V2741,B.1.617.2
V2742,B.1.617.2
V2743,B.1.617.2
V2744,B.1.617.2
V2745,
V2746,B.1.617.2
V2747,B.1.617.2
V2748,B.1.617.2
V2749,B.1.617.2
V2750,B.1.1.7
V2751,B.1.1.7
V2752,B.1.1.7
V2753,B.1.617.2
V2754,B.1.617.2
V2755,B.1.617.2
V2756,B.1.617.2
V2757,B.1.617.2
V2758,B.1.617.2
V2759,B.1.1.7
V2760,B.1.1.7
V2761,
V2762,B.1.617.2
V2763,B.1.617.2
V2764,B.1.1.7
V2765,B.1.1.7
V2766,B.1.617.2
V2767,B.1.617.2
V2768,B.1.1.7
V2769,B.1.617.2
V2770,B.1.617.2
V2771,B.1.617.2
V2772,B.1.617.2
V2773,B.1.1.7
V2774,B.1.617.2
V2775,B.1.617.2
V2776,B.1.1.7
V2777,B.1.617.2
V2778,B.1.617.2
V2779,B.1.617.2
V2780,B.1.617.2
V2781,B.1.617.2
V2782,B.1.617.2
V2783,B.1.1.7
V2784,B.1.617.2
V2785,B.1.617.2
V2786,B.1.617.2
V2787,B.1.617.2
V2788,B.1.617.2
V2789,B.1.617.2
V2790,B.1.617.2
V2791,B.1.1.7
V2792,B.1.617.2
V2793,B.1.617.2
V2794,B.1.617.2
V2795,B.1.617.2
V2796,B.1.617.2
V2797,B.1.617.2
V2798,B.1.617.2
V2799,B.1.617.2
V2800,B.1.1.7
V2801,B.1.1.7
V2802,B.1.617.2
V2803,B.1.617.2
V2804,B.1.617.2
V2805,B.1.617.2
V2806,B.1.617.2
V2807,B.1.617.2
V2808,B.1.617.2
V2809,B.1.617.2
V2810,
V2811,B.1.1.7
V2812,B.1.617.2
V2813,B.1.617.2
V2814,B.1.617.2
V2815,B.1.1.7
V2816,B.1.617.2
V2817,B.1.617.2
V2818,B.1.617.2
V2819,
V2820,B.1.617.2
V2821,B.1.617.2
V2822,B.1.1.7
V2823,B.1.1.7
V2824,B.1.1.7
V2825,B.1.1.7
V2826,B.1.617.2
V2827,B.1.617.2
V2828,B.1.617.2
V2829,B.1.617.2
V2830,B.1.617.2
V2831,B.1.1.7
V2832,B.1.1.7
V2833,
V2834,B.1.617.2
V2835,B.1.1.318
V2836,B.1.617.2
V2837,B.1.617.2
V2838,B.1.617.2
V2839,B.1.617.2
V2840,B.1.617.2
V2841,B.1.617.2
V2842,B.1.617.2
V2843,B.1.617.2
V2844,B.1.617.2
V2845,B.1.617.2
V2846,
V2847,B.1.1.7
V2848,B.1.617.2
V2849,B.1.617.2
V2850,B.1.617.2
V2851,
V2852,B.1.1.7
V2853,B.1.617.2
V2854,B.1.617.2
V2855,B.1.617.2
V2856,B.1.617.2
V2857,B.1.617.2
V2858,B.1.617.2
V2859,B.1.617.2
V2860,B.1.617.2
V2861,B.1.617.2
V2862,B.1.1.7
V2863,B.1.617.2
V2864,B.1.617.2
V2865,B.1.1.7
V2866,B.1.617.2
V2867,B.1.617.2
V2868,B.1.617.2
V2869,B.1.1.7
V2870,B.1.1.7
V2871,B.1.617.2
V2872,B.1.617.2
V2873,B.1.1.7
V2874,B.1.1.7
V2875,B.1.617.2
V2876,B.1.617.2
V2877,
V2878,B.1.1.7
V2879,B.1.617.2
V2880,B.1.617.2
V2881,B.1.617.2
V2882,B.1.617.2
V2883,B.1.617.2
V2884,B.1.617.2
V2885,B.1.617.2
V2886,B.1.617.2
V2887,B.1.617.2
V2888,B.1.617.2
V2889,B.1.617.2
V2890,B.1.617.2
V2891,B.1.617.2
V2892,
V2893,
V2894,B.1.617.2
V2895,B.1.617.2
V2896,B.1.617.2
V2897,B.1.617.2
V2898,B.1.617.2
V2899,B.1.617.2
V2900,B.1.617.2
V2901,B.1.617.2
V2902,B.1.617.2
V2903,B.1.1.7
V2904,B.1.1.7
V2905,B.1.1.7
V2906,B.1.1.7
V2907,B.1.1.7
V2908,
V2909,B.1.1.7
V2910,B.1.617.2
V2911,B.1.617.2
V2912,B.1.617.2
V2913,B.1.1.7
V2914,B.1.617.2
V2915,B.1.617.2
V2916,B.1.1.7
V2917,B.1.617.2
V2918,B.1.1.7
V2919,B.1.617.2
V2920,B.1.617.2
V2921,B.1.617.2
V2922,B.1.617.2
V2923,B.1.617.2
V2924,B.1.617.2
V2925,B.1.617.2
V2926,B.1.617.2
V2927,B.1.617.2
V2928,B.1.617.2
V2929,B.1.617.2
V2930,B.1.617.2
V2931,B.1.617.2
V2932,B.1.617.2
V2933,B.1.617.2
V2934,B.1.617.2
V2935,B.1.617.2
V2936,B.1.617.2
V2937,B.1.617.2
V2938,B.1.617.2
V2939,B.1.617.2
V2940,B.1.617.2
V2941,B.1.617.2
V2942,B.1.617.2
V2943,B.1.617.2
V2944,B.1.617.2
V2945,B.1.617.2
V2946,B.1.617.2
V2947,B.1.617.2
V2948,B.1.617.2
V2949,B.1.617.2
V2950,B.1.617.2
V2951,B.1.617.2
V2952,B.1.617.2
V2953,B.1.617.2
V2954,B.1.617.2
V2955,B.1.617.2
V2956,B.1.617.2
V2957,B.1.617.2
V2958,B.1.617.2
V2959,B.1.617.2
V2960,B.1.617.2
V2961,B.1.617.2
V2962,B.1.617.2
V2963,B.1.617.2
V2964,B.1.617.2
V2965,B.1.617.2
V2966,B.1.617.2
V2967,B.1.617.2
V2968,B.1.1.7
V2969,B.1.617.2
V2970,B.1.617.2
V2971,B.1.617.2
V2972,B.1.617.2
V2973,B.1.617.2
V2974,B.1.617.2
V2975,B.1.617.2
V2976,B.1.617.2
V2977,B.1.617.2
V2978,B.1.617.2
V2979,B.1.617.2
V2980,B.1.617.2
V2981,B.1.617.2
V2982,B.1.617.2
V2983,B.1.617.2
V2984,B.1.617.2
V2985,
V2986,B.1.617.2
V2987,B.1.617.2
V2988,B.1.617.2
V2989,B.1.617.2
V2990,B.1.617.2
V2991,B.1.629
V2992,B.1.617.2
V2993,B.1.617.2
V2994,B.1.617.2
V2995,B.1.617.2
V2996,B.1.617.2
V2997,
V2998,
V2999,B.1.617.2
V3000,B.1.617.2
V3001,B.1.617.2
V3002,B.1.617.2
V3003,B.1.617.2
V3004,B.1.617.2
V3005,B.1.617.2
V3006,B.1.617.2
V3007,B.1.617.2
V3008,B.1.617.2
V3009,B.1.617.2
V3010,B.1.617.2
V3011,B.1.617.2
V3012,B.1.617.2
V3013,B.1.617.2
V3014,B.1.617.2
V3015,B.1.617.2
V3016,B.1.617.2
V3017,B.1.617.2
V3018,B.1.617.2
V3019,B.1.617.2
V3020,B.1.617.2
V3021,
V3022,B.1.1.7
V3023,B.1.617.2
V3024,B.1.617.2
V3025,B.1.617.2
V3026,B.1.617.2
V3027,B.1
V3028,B.1.617.2
V3029,
V3030,B.1.617.2
V3031,B.1.617.2
V3032,
V3033,
V3034,
V3035,B.1.1.7
V3036,B.1.617.2
V3037,B.1.617.2
V3038,B.1.617.2
V3039,B.1.617.2
V3040,B.1.617.2
V3041,B.1.1.7
V3042,B.1.617.2
V3043,B.1.617.2
V3044,B.1.617.2
V3045,B.1.617.2
V3046,B.1.617.2
V3047,B.1.1.7
V3048,B.1.617.2
V3049,B.1.617.2
V3050,B.1.1.7
V3051,B.1.617.2
V3052,B.1.617.2
V3053,B.1.1.7
V3054,B.1.617.2
V3055,B.1.617.2
V3056,B.1.617.2
V3057,B.1.617.2
V3058,B.1.617.2
V3059,B.1.617.2
V3060,B.1.617.2
V3061,B.1.617.2
V3062,B.1.617.2
V3063,B.1.617.2
V3064,B.1
V3065,B.1.617.2
V3066,B.1.617.2
V3067,B.1.617.2
V3068,B.1.617.2
V3069,B.1.617.2
V3070,B.1.617.2
V3071,B.1.617.2
V3072,B.1.617.2
V3073,B.1.617.2
V3074,B.1.617.2
V3075,B.1.617.2
V3076,B.1.617.2
V3077,B.1.617.2
V3078,B.1.617.2
V3079,B.1.617.2
V3080,B.1.617.2
V3081,B.1.617.2
V3082,B.1.617.2
V3083,B.1.617.2
V3084,B.1.617.2
V3085,B.1.1.7
V3086,B.1.617.2
V3087,B.1.617.2
V3088,B.1.617.2
V3089,B.1.617.2
V3090,B.1.617.2
V3091,B.1.617.2
V3092,B.1.617.2
V3093,B.1.351.3
V3094,B.1.617.2
V3095,
V3096,B.1.617.2
V3097,B.1.617.2
V3098,B.1.177
V3099,B.1.617.2
V3100,B.1.351
V3101,B.1.617.2
V3102,B.1.617.2
V3103,B.1.617.2
V3104,
V3105,B.1.617.2
V3106,
V3107,B.1.617.2
V3108,
V3109,
V3110,B.1.617.2
V3111,B.1.617.2
V3112,B.1.617.2
V3113,B.1.617.2
V3114,B.1.617.2
V3115,B.1.1.7
V3116,B.1.1.7
V3117,B.1.617.2
V3118,B.1.617.2
V3119,B.1.617.2
V3120,B.1.617.2
V3121,B.1.1.7
V3122,B.1.617.2
V3123,
V3124,
V3125,B.1.617.2
V3126,B.1.617.2
V3127,B.1.617.2
V3128,B.1.617.2
V3129,
V3130,B.1.617.2
V3131,B.1.617.2
V3132,B.1.617.2
V3133,B.1.617.2
V3134,B.1.617.2
V3135,B.1.617.2
V3136,B.1.575
V3137,B.1.617.2
V3138,B.1.617.2
V3139,B.1.617.2
V3140,B.1.617.2
V3141,B.1.617.2
V3142,B.1.617.2
V3143,B.1.617.2
V3144,B.1.617.2
V3145,B.1.617.2
V3146,B.1.617.2
V3147,B.1.1.7
V3148,B.1.617.2
V3149,B.1.617.2
V3150,B.1.617.2
V3151,
V3152,B.1.617.2
V3153,B.1.617.2
V3154,B.1.617.2
V3155,B.1.617.2
V3156,B.1.617.2
V3157,B.1.617.2
V3158,B.1.629
V3159,B.1.617.2
V3160,B.1.617.2
V3161,B.1.617.2
V3162,B.1.617.2
V3163,B.1.617.2
V3164,B.1.617.2
V3165,B.1.617.2
V3166,B.1.617.2
V3167,B.1.617.2
V3168,B.1.617.2
V3169,B.1.617.2
V3170,B.1.617.2
V3171,B.1.617.2
V3172,B.1.617.2
V3173,B.1.617.2
V3174,B.1.617.2
V3175,B.1.617.2
V3176,B.1.617.2
V3177,B.1.617.2
V3178,B.1.1.7
V3179,B.1.1.7
V3180,B.1.617.2
V3181,B.1.617.2
V3182,B.1.617.2
V3183,B.1.617.2
V3184,B.1.617.2
V3185,B.1.617.2
V3186,B.1.1.7
V3187,B.1.617.2
V3188,B.1.617.2
V3189,B.1.617.2
V3190,B.1.617.2
V3191,B.1.617.2
V3192,B.1.617.2
V3193,B.1.617.2
V3194,B.1.617.2
V3195,B.1.617.2
V3196,B.1.617.2
V3197,B.1.617.2
V3198,B.1.617.2
V3199,B.1.1.7
V3200,B.1.617.2
V3201,B.1.617.2
V3202,B.1.617.2
V3203,B.1.617.2
V3204,B.1.617.2
V3205,B.1.617.2
V3206,B.1.617.2
V3207,B.1.617.2
V3208,B.1.1.7
V3209,B.1.617.2
V3210,B.1.617.2
V3211,B.1.617.2
V3212,B.1.617.2
V3213,B.1.617.2
V3214,B.1.617.2
V3215,B.1.617.2
V3216,B.1.617.2
V3217,B.1.617.2
V3218,B.1.617.2
V3219,B.1.617.2
V3220,B.1.617.2
V3221,B.1.617.2
V3222,B.1.617.2
V3223,B.1.617.2
V3224,B.1.617.2
V3225,B.1.617.2
V3226,B.1.617.2
V3227,B.1.617.2
V3228,B.1.617.2
V3229,B.1.617.2
V3230,B.1.617.2
V3231,B.1.617.2
V3232,B.1.617.2
V3233,B.1.617.2
V3234,B.1.617.2
V3235,B.1.617.2
V3236,B.1.617.2
V3237,B.1.617.2
V3238,B.1.617.2
V3239,B.1.617.2
V3240,B.1.1.7
V3241,B.1.617.2
V3242,B.1.617.2
V3243,B.1.617.2
V3244,B.1.617.2
V3245,B.1.617.2
V3246,B.1.617.2
V3247,B.1.617.2
V3248,B.1.617.2
V3249,B.1.617.2
V3250,B.1.617.2
V3251,B.1.617.2
V3252,B.1.1.7
V3253,B.1.617.2
V3254,B.1.617.2
V3255,B.1.617.2
V3256,B.1.617.2
V3257,B.1.617.2
V3258,B.1.617.2
V3259,B.1.617.2
V3260,B.1.617.2
V3261,B.1.617.2
V3262,B.1.617.2
V3263,B.1.617.2
V3264,B.1.617.2
V3265,B.1.617.2
V3266,B.1.617.2
V3267,B.1.617.2
V3268,B.1.617.2
V3269,B.1.1.7
V3270,B.1.617.2
V3271,B.1.617.2
V3272,B.1.617.2
V3273,B.1.617.2
V3274,B.1.617.2
V3275,B.1.617.2
V3276,B.1.617.2
V3277,B.1.617.2
V3278,B.1.617.2
V3279,B.1.617.2
V3280,B.1.617.2
V3281,B.1.617.2
V3282,B.1.1.7
V3283,B.1.617.2
V3284,B.1.617.2
V3285,B.1.617.2
V3286,B.1.617.2
V3287,B.1.1.7
V3288,B.1.617.2
V3289,B.1.617.2
V3290,B.1.617.2
V3291,B.1.617.2
V3292,B.1.617.2
V3293,B.1.617.2
V3294,B.1.617.2
V3295,B.1.617.2
V3296,B.1.617.2
V3297,B.1.617.2
V3298,B.1.617.2
V3299,B.1.617.2
V3300,B.1.617.2
V3301,B.1.617.2
V3302,B.1.617.2
V3303,B.1.617.2
V3304,B.1.617.2
V3305,
V3306,B.1.617.2
V3307,B.1.617.2
V3308,B.1.617.2
V3309,B.1.617.2
V3310,B.1.1.7
V3311,B.1.617.2
V3312,B.1.617.2
V3313,B.1.617.2
V3314,B.1.617.2
V3315,B.1.617.2
V3316,B.1.1.7
V3317,B.1.617.2
V3318,B.1.617.2
V3319,B.1.617.2
V3320,B.1.617.2
V3321,B.1.617.2
V3322,B.1.617.2
V3323,B.1.617.2
V3324,B.1.617.2
V3325,B.1.1.7
V3326,B.1.1.7
V3327,B.1.617.2
V3328,B.1.617.2
V3329,B.1.1.318
V3330,B.1.1.7
V3331,B.1.1.7
V3332,B.1.617.2
V3333,B.1.617.2
V3334,B.1.617.2
V3335,B.1.617.2
V3336,B.1.617.2
V3337,B.1.617.2
V3338,B.1.617.2
V3339,B.1.617.2
V3340,B.1.617.2
V3341,B.1.617.2
V3342,B.1.617.2
V3343,B.1.617.2
V3344,B.1.617.2
V3345,B.1.617.2
V3346,B.1.617.2
V3347,B.1.617.2
V3348,B.1.617.2
V3349,B.1.617.2
V3350,B.1.1.7
V3351,B.1.617.2
V3352,B.1.1.7
V3353,B.1.1.7
V3354,B.1.617.2
V3355,B.1.617.2
V3356,B.1.617.2
V3357,B.1.617.2
V3358,B.1.617.2
V3359,B.1.617.2
V3360,B.1.617.2
V3361,B.1.617.2
V3362,B.1.617.2
V3363,B.1.617.2
V3364,B.1.617.2
V3365,B.1.617.2
V3366,
V3367,B.1.617.2
V3368,B.1.617.2
V3369,
V3370,
V3371,B.1.617.2
V3372,B.1.617.2
V3373,B.1.617.2
V3374,B.1.617.2
V3375,B.1.617.2
V3376,B.1.617.2
V3377,B.1.629
V3378,
V3379,B.1.617.2
V3380,B.1.617.2
V3381,
V3382,
V3383,B.1.617.2
V3384,
V3385,
V3386,
V3387,B.1.617.2
V3388,
V3389,B.1.617.2
V3390,B.1.617.2
V3391,B.1.617.2
V3392,B.1.617.2
V3393,
V3394,B.1.617.2
V3395,B.1.617.2
V3396,B.1.617.2
V3397,B.1.617.2
V3398,B.1.617.2
V3399,
V3400,B.1.617.2
V3401,B.1.617.2
V3402,B.1.617.2
V3403,B.1.1.7
V3404,B.1.617.2
V3405,B.1.617.2
V3406,B.1.617.2
V3407,B.1.617.2
V3408,
V3409,B.1.617.2
V3410,B.1.617.2
V3411,B.1.617.2
V3412,B.1.617.2
V3413,B.1.617.2
V3414,B.1.617.2
V3415,B.1.1.7
V3416,B.1.617.2
V3417,B.1.617.2
V3418,B.1.617.2
V3419,B.1.617.2
V3420,B.1.617.2
V3421,B.1.617.2
V3422,B.1.1.7
V3423,B.1.617.2
V3424,B.1.617.2
V3425,C.36.3
V3426,B.1.617.2
V3427,B.1.617.2
V3428,B.1.617.2
V3429,B.1.617.2
V3430,B.1.617.2
V3431,B.1.617.2
V3432,B.1.617.2
V3433,B.1.617.2
V3434,B.1.617.2
V3435,C.36.3
V3436,B.1.617.2
V3437,B.1.617.2
V3438,B.1.617.2
V3439,B.1.617.2
V3440,B.1.617.2
V3441,B.1.617.2
V3442,B.1.617.2
V3443,B.1.617.2
V3444,B.1.617.2
V3445,B.1.617.2
V3446,B.1.617.2
V3447,B.1.617.2
V3448,B.1.617.2
V3449,B.1.617.2
V3450,B.1.617.2
V3451,B.1.617.2
V3452,B.1.617.2
V3453,B.1.617.2
V3454,B.1.617.2
V3455,B.1.1.7
V3456,B.1.617.2
V3457,B.1.1.7
V3458,B.1.617.2
V3459,B.1.617.2
V3460,B.1.617.2
V3461,B.1.617.2
V3462,B.1.617.2
V3463,B.1.617.2
V3464,B.1.617.2
V3465,B.1.617.2
V3466,B.1.617.2
V3467,B.1.617.2
V3468,B.1.617.2
V3469,B.1.617.2
V3470,B.1.617.2
V3471,B.1.617.2
V3472,B.1.617.2
V3473,B.1.617.2
V3474,B.1.617.2
V3475,B.1.617.2
V3476,B.1.617.2
V3477,B.1.617.2
V3478,B.1.617.2
V3479,B.1.617.2
V3480,B.1.617.2
V3481,B.1.617.2
V3482,
V3483,B.1.617.2
V3484,B.1.617.2
V3485,B.1.617.2
V3486,
V3487,
V3488,B.1.617.2
V3489,B.1.617.2
V3490,B.1.617.2
V3491,
V3492,B.1.617.2
V3493,B.1.617.2
V3494,B.1.617.2
V3495,B.1.617.2
V3496,B.1.617.2
V3497,AY.12 (Delta-like)
V3498,AY.12 (Delta-like)
V3499,AY.9 (Delta-like)
V3500,B.1.617.2
V3501,AY.4 (Delta-like)
V3502,AY.4 (Delta-like)
V3503,AY.9 (Delta-like)
V3504,AY.12 (Delta-like)
V3505,AY.9 (Delta-like)
V3506,AY.12 (Delta-like)
V3507,AY.12 (Delta-like)
V3508,AY.12 (Delta-like)
V3509,AY.4 (Delta-like)
V3510,AY.12 (Delta-like)
V3511,AY.9 (Delta-like)
V3512,AY.4 (Delta-like)
V3513,AY.12 (Delta-like)
V3514,AY.12 (Delta-like)
V3515,AY.12 (Delta-like)
V3516,AY.12 (Delta-like)
V3517,AY.12 (Delta-like)
V3518,AY.12 (Delta-like)
V3519,AY.12 (Delta-like)
V3520,AY.12 (Delta-like)
V3521,
V3522,B.1.1.7
V3523,AY.4 (Delta-like)
V3524,AY.12 (Delta-like)
V3525,
V3526,AY.12 (Delta-like)
V3527,AY.12 (Delta-like)
V3528,AY.4 (Delta-like)
V3529,AY.9 (Delta-like)
V3530,AY.9 (Delta-like)
V3531,B.1.617.2
V3532,AY.9 (Delta-like)
V3533,
V3534,AY.9 (Delta-like)
V3535,AY.4 (Delta-like)
V3536,AY.4 (Delta-like)
V3537,B.1.617.2
V3538,AY.12 (Delta-like)
V3539,B.1.617.2
V3540,
V3541,
V3542,AY.9 (Delta-like)
V3543,
V3544,AY.9 (Delta-like)
V3545,AY.12 (Delta-like)
V3546,AY.9 (Delta-like)
V3547,AY.12 (Delta-like)
V3548,AY.12 (Delta-like)
V3549,AY.9 (Delta-like)
V3550,AY.12 (Delta-like)
V3551,B.1.617.2
V3552,B.1.1.7
V3553,AY.9 (Delta-like)
V3554,AY.9 (Delta-like)
V3555,AY.9 (Delta-like)
V3556,AY.9 (Delta-like)
V3557,AY.12 (Delta-like)
V3558,AY.12 (Delta-like)
V3559,AY.9 (Delta-like)
V3560,AY.7 (Delta-like)
V3561,AY.12 (Delta-like)
V3562,AY.12 (Delta-like)
V3563,B.1.617.2
V3564,
V3565,AY.12 (Delta-like)
V3566,B.1.617.2
V3567,AY.12 (Delta-like)
V3568,AY.12 (Delta-like)
V3569,AY.3 (Delta-like)
V3570,AY.12 (Delta-like)
V3571,AY.12 (Delta-like)
V3572,AY.12 (Delta-like)
V3573,AY.4 (Delta-like)
V3574,AY.12 (Delta-like)
V3575,AY.12 (Delta-like)
V3576,AY.12 (Delta-like)
V3577,AY.12 (Delta-like)
V3578,AY.9 (Delta-like)
V3579,AY.12 (Delta-like)
V3580,AY.12 (Delta-like)
V3581,AY.12 (Delta-like)
V3582,B.1.617.2
V3583,B.1.617.2
V3584,B.1.604
V3585,B.1.604
V3586,B.1.604
V3587,AY.12 (Delta-like)
V3588,AY.12 (Delta-like)
V3589,B.1.617.2
V3590,AY.9 (Delta-like)
V3591,B.1.617.2
V3592,AY.7 (Delta-like)
V3593,AY.4 (Delta-like)
V3594,AY.12 (Delta-like)
V3595,AY.4 (Delta-like)
V3596,AY.4 (Delta-like)
V3597,AY.12 (Delta-like)
V3598,AY.12 (Delta-like)
V3599,AY.12 (Delta-like)
V3600,AY.12 (Delta-like)
V3601,AY.4 (Delta-like)
V3602,AY.12 (Delta-like)
V3603,AY.9 (Delta-like)
V3604,AY.4 (Delta-like)
V3605,AY.12 (Delta-like)
V3606,AY.12 (Delta-like)
V3607,B.1.617.2
V3608,AY.9 (Delta-like)
V3609,AY.12 (Delta-like)
V3610,AY.9 (Delta-like)
V3611,AY.9 (Delta-like)
V3612,AY.9 (Delta-like)
V3613,
V3614,AY.9 (Delta-like)
V3615,AY.12 (Delta-like)
V3616,AY.4 (Delta-like)
V3617,AY.12 (Delta-like)
V3618,AY.9 (Delta-like)
V3619,AY.12 (Delta-like)
V3620,AY.12 (Delta-like)
V3621, 
V3622, AY.12 (Delta-like)
V3623,AY.4 (Delta-like)
V3624,AY.12 (Delta-like)
V3625,
V3626,AY.12 (Delta-like)
V3627,AY.12 (Delta-like)
V3628,B.1.1.7 
V3629,AY.9 (Delta-like)
V3630,AY.9 (Delta-like)
V3631,AY.4 (Delta-like)
V3632,AY.9 (Delta-like)
V3633,AY.9 (Delta-like)
V3634,AY.9 (Delta-like)
V3635,AY.9 (Delta-like)
V3636,AY.12 (Delta-like)
V3637,AY.12 (Delta-like)
V3638,AY.4 (Delta-like)
V3639,AY.12 (Delta-like)
V3640,AY.12 (Delta-like)
V3641,AY.12 (Delta-like)
V3642,AY.9 (Delta-like)
V3643,AY.12 (Delta-like)
V3644,AY.9 (Delta-like)
V3645,AY.9 (Delta-like)
V3646,B.1 
V3647,B.1 
V3648,AY.12 (Delta-like)
V3649,AY.12 (Delta-like)
V3650,AY.12 (Delta-like)
V3651,AY.4  (Delta-like)
V3652,AY.12 (Delta-like)
V3653,AY.9 (Delta-like)
V3654,AY.12 (Delta-like)
V3655,AY.9 (Delta-like)
V3656,B.1.617.2 
V3657,AY.12 (Delta-like)
V3658,AY.9 (Delta-like)
V3659,AY.12 (Delta-like)
V3660,AY.12 (Delta-like)
V3661,AY.12 (Delta-like)
V3662,AY.9 (Delta-like)
V3663,B.1.617.2 (Delta-like)
V3664,AY.12 (Delta-like)
V3665,AY.12 (Delta-like)
V3666,AY.12 (Delta-like)
V3667,
V3668,AY.12 (Delta-like)
V3669,AY.12 (Delta-like)
V3670,AY.4 (Delta-like)
V3671,AY.12 (Delta-like)
V3672,B.1.617.2 
V3673,AY.12 (Delta-like)
V3674,AY.4 (Delta-like)
V3675,AY.4 (Delta-like)
V3676,AY.12 (Delta-like)
V3677,AY.12 (Delta-like)
V3678,AY.4 (Delta-like)
V3679,AY.7 (Delta-like)
V3680,AY.7 (Delta-like)
V3681,AY.7 (Delta-like)
V3682,AY.7 (Delta-like)
V3683,AY.4 (Delta-like)
V3684,AY.7 (Delta-like)
V3685,AY.12 (Delta-like)
V3686,AY.12 (Delta-like)
V3687,AY.9 (Delta-like)
V3688,AY.4 (Delta-like)
V3689,AY.12 (Delta-like)
V3690,AY.12 (Delta-like)
V3691,AY.12 (Delta-like)
V3692,AY.12 (Delta-like)
V3693,AY.9 (Delta-like)
V3694,B.1.617.2 
V3695,AY.12 (Delta-like)
V3696,
V3697,AY.9 (Delta-like)
V3698,AY.12 (Delta-like)
V3699,AY.9 (Delta-like)
V3700,AY.9 (Delta-like)
V3701,AY.12 (Delta-like)
V3702,AY.9 (Delta-like)
V3703,AY.12 (Delta-like)
V3704,AY.12 (Delta-like)
V3705,AY.12 (Delta-like)
V3706,B.1 
V3707,AY.9 (Delta-like)
V3708,AY.9 (Delta-like)
V3709,AY.12 (Delta-like)
V3710,AY.12 (Delta-like)
V3711,AY.12 (Delta-like)
V3712,AY.12 (Delta-like)
V3713,AY.12 (Delta-like)
V3714,AY.9 (Delta-like)
V3715,AY.12 (Delta-like)
V3716,AY.12 (Delta-like)
V3717,AY.9 (Delta-like)
V3718,AY.9 (Delta-like)
V3719,AY.9 (Delta-like)
V3720,AY.12 (Delta-like)
V3721,AY.9 (Delta-like)
V3722,AY.9 (Delta-like)
V3723,AY.9 (Delta-like)
V3724,AY.12 (Delta-like)
V3725,AY.12 (Delta-like)
V3726,AY.4 (Delta-like)
V3727,AY.4 (Delta-like)
V3728,AY.12 (Delta-like)
V3729,AY.12 (Delta-like)
V3730,AY.4 (Delta-like)
V3731,
V3732,AY.12 (Delta-like)
V3733,AY.9 (Delta-like)
V3734,AY.12 (Delta-like)
V3735,B.1.617.2 (Delta-like)
V3736,AY.12 (Delta-like)
V3737,AY.12 (Delta-like)
V3738,B.1.617.2 (Delta-like)
V3739,AY.9 (Delta-like)
V3740,AY.12 (Delta-like)
V3741,AY.12 (Delta-like)
V3742,AY.12 (Delta-like)
V3743,AY.12 (Delta-like)
V3744,AY.9 (Delta-like)
V3745,AY.4 (Delta-like)
V3746,AY.12 (Delta-like)
V3747,AY.9 (Delta-like)
V3748,AY.12 (Delta-like)
V3749,AY.9 (Delta-like)
V3750,AY.12 (Delta-like)
V3751,AY.12 (Delta-like)
V3752,AY.4 (Delta-like)
V3753,AY.4 (Delta-like)
V3754,AY.12 (Delta-like)
V3755,AY.12 (Delta-like)
V3756,AY.12 (Delta-like)
V3757,AY.12 (Delta-like)
V3758,AY.12 (Delta-like)
V3759,AY.12 (Delta-like)
V3760,AY.12 (Delta-like)
V3761,AY.12 (Delta-like)
V3762,AY.4 (Delta-like)
V3763,AY.12 (Delta-like)
V3764,AY.4 (Delta-like)
V3765,AY.12 (Delta-like)
V3766,B.1.1.7 
V3767,AY.12 (Delta-like)
V3768, 
V3769,AY.4 (Delta-like)
V3770,AY.4 (Delta-like)
V3771,AY.3 (Delta-like)
V3772,AY.9 (Delta-like)
V3773,AY.7 (Delta-like)
V3774,AY.12 (Delta-like)
V3775,AY.12 (Delta-like)
V3776,AY.4 (Delta-like)
V3777,AY.12 (Delta-like)
V3778,AY.4 (Delta-like)
V3779,AY.9 (Delta-like)
V3780,AY.12 (Delta-like)
V3781,AY.9 (Delta-like)
V3782,AY.12 (Delta-like)
V3783,AY.4 (Delta-like)
V3784,AY.9 (Delta-like)
V3785,AY.9 (Delta-like)
V3786,AY.12 (Delta-like)
V3787,B.1.617.2
V3788,AY.12 (Delta-like)
V3789,AY.4 (Delta-like)
V3790,AY.12 (Delta-like)
V3791,AY.4 (Delta-like)
V3792,AY.4 (Delta-like)
V3793,AY.9 (Delta-like)
V3794,AY.12 (Delta-like)
V3795,AY.12 (Delta-like)
V3796,AY.7 (Delta-like)
V3797,AY.12 (Delta-like)
V3798,AY.12 (Delta-like)
V3799,AY.7 (Delta-like)
V3800,AY.12 (Delta-like)
V3801,AY.7 (Delta-like)
V3802,AY.12 (Delta-like)
V3803,AY.7 (Delta-like)
V3804,AY.4 (Delta-like)
V3805,AY.7 (Delta-like)
V3806,AY.12 (Delta-like)
V3807,
V3808,B.1.617.2
V3809,AY.7 (Delta-like)
V3810,AY.4 (Delta-like)
V3811,AY.12 (Delta-like)
V3812,AY.7 (Delta-like)
V3813,AY.12 (Delta-like)
V3814,AY.7 (Delta-like)
V3815,AY.12 (Delta-like)
V3816,AY.9 (Delta-like)
V3817,AY.7 (Delta-like)
V3818,AY.12 (Delta-like)
V3819,AY.12 (Delta-like)
V3820,AY.12 (Delta-like)
V3821,AY.12 (Delta-like)
V3822,AY.12 (Delta-like)
V3823,AY.7 (Delta-like)
V3824,AY.12 (Delta-like)
V3825,AY.4 (Delta-like)
V3826,AY.12 (Delta-like)
V3827,AY.4 (Delta-like)
V3828,AY.12 (Delta-like)
V3829,AY.4 (Delta-like)
V3830,
V3831,
V3832,
V3833,
V3834,AY.12 (Delta-like)
V3835,B.1.617.2
V3836,
V3837,B.1.617.2
V3838,AY.12 (Delta-like)
V3839,AY.12 (Delta-like)
V3840,AY.12 (Delta-like)
V3841,AY.12 (Delta-like)
V3842,B.1.617.2
V3843,B.1.617.2
V3844,AY.12 (Delta-like)
V3845,AY.12 (Delta-like)
V3846,AY.12 (Delta-like)
V3847,AY.4 (Delta-like)
V3848,
V3849,AY.12 (Delta-like)
V3850,AY.12 (Delta-like)
V3851,AY.12 (Delta-like)
V3852,AY.12 (Delta-like)
V3853,AY.7 (Delta-like)
V3854,AY.12 (Delta-like)
V3855,AY.7 (Delta-like)
V3856,
V3857,AY.4 (Delta-like)
V3858,
V3859,AY.12 (Delta-like)
V3860,AY.4 (Delta-like)
V3861,AY.4 (Delta-like)
V3862,AY.9 (Delta-like)
V3863,AY.12 (Delta-like)
V3864,AY.12 (Delta-like)
V3865,AY.12 (Delta-like)
V3866,AY.9 (Delta-like)
V3867,AY.9 (Delta-like)
V3868,AY.12 (Delta-like)
V3869,AY.12 (Delta-like)
V3870,AY.4 (Delta-like)
V3871,AY.12 (Delta-like)
V3872,AY.9 (Delta-like)
V3873,AY.4 (Delta-like)
V3874,AY.9 (Delta-like)
V3875,AY.12 (Delta-like)
V3876,AY.4 (Delta-like)
V3877,AY.12 (Delta-like)
V3878,AY.4 (Delta-like)
V3879,AY.12 (Delta-like)
V3880,AY.12 (Delta-like)
V3881,AY.9 (Delta-like)
V3882,AY.12 (Delta-like)
V3883,AY.12 (Delta-like)
V3884,AY.9 (Delta-like)
V3885,AY.4 (Delta-like)
V3886,AY.12 (Delta-like)
V3887,AY.12 (Delta-like)
V3888,AY.4 (Delta-like)
V3889,AY.12 (Delta-like)
V3890,AY.12 (Delta-like)
V3891,AY.9 (Delta-like)
V3892,AY.12 (Delta-like)
V3893,AY.12 (Delta-like)
V3894,AY.12 (Delta-like)
V3895,AY.12 (Delta-like)
V3896,AY.7 (Delta-like)
V3897,AY.12 (Delta-like)
V3898,AY.4 (Delta-like)
V3899,AY.9 (Delta-like)
V3900,AY.12 (Delta-like)
V3901,AY.12 (Delta-like)
V3902,AY.4 (Delta-like)
V3903,AY.12 (Delta-like)
V3904,AY.12 (Delta-like)
V3905,AY.12 (Delta-like)
V3906,AY.9 (Delta-like)
V3907,AY.4 (Delta-like)
V3908,AY.12 (Delta-like)
V3949,AY.12 (Delta-like)
V3950,AY.12 (Delta-like)
V3951,AY.12 (Delta-like)
V3952,AY.12 (Delta-like)
V3953,AY.12 (Delta-like)
V3954,AY.4 (Delta-like)
V3955,AY.4 (Delta-like)
V3956,AY.12 (Delta-like)
V3957,AY.12 (Delta-like)
V3958,AY.12 (Delta-like)
V3959,AY.12 (Delta-like)
V3960,AY.12 (Delta-like)
V3961,AY.12 (Delta-like)
V3962,AY.12 (Delta-like)
V3963,AY.4 (Delta-like)
V3964,AY.12 (Delta-like)
V3965,
V3966,AY.9 (Delta-like)
V3967,AY.9 (Delta-like)
V3968,AY.12 (Delta-like)
V3969,AY.4 (Delta-like)
V3970,AY.9 (Delta-like)
V3971,AY.4 (Delta-like)
V3972,AY.12 (Delta-like)
V3973,AY.9 (Delta-like)
V3974,AY.4 (Delta-like)
V3975,AY.4 (Delta-like)
V3976,AY.9 (Delta-like)
V3977,B.1.617.2
V3978,B.1.617.2
V3979,AY.9 (Delta-like)
V3980,B.1.617.2
V3981,AY.12 (Delta-like)
V3982,B.1.617.2
V3983,AY.4 (Delta-like)
V3984,AY.12 (Delta-like)
V3985,B.1.617.2
V3986,AY.12 (Delta-like)
V3987,AY.12 (Delta-like)
V3988,B.1.1.7
V3989,B.1.617.2
V3990,AY.12 (Delta-like)
V3991,AY.12 (Delta-like)
V3992,AY.12 (Delta-like)
V3993,AY.12 (Delta-like)
V3994,
V3995,AY.9 (Delta-like)
V3996,AY.12 (Delta-like)
V3997,AY.9 (Delta-like)
V3998,AY.12 (Delta-like)
V3999,AY.12 (Delta-like)
V4000,AY.12 (Delta-like)
V4001,AY.4 (Delta-like)
V4002,AY.12 (Delta-like)
V4003,AY.12 (Delta-like)
V4004,AY.7 (Delta-like).1
V4005,AY.9 (Delta-like)
V4006,B.1.617.2
V4007,AY.12 (Delta-like)
V4008,AY.12 (Delta-like)
V4009,AY.12 (Delta-like)
V4010,B.1.617.2
V4011,AY.9 (Delta-like)
V4012,AY.4 (Delta-like)
V4013,AY.9 (Delta-like)
V4014,B.1.617.2
V4015,AY.12 (Delta-like)
V4016,AY.9 (Delta-like)
V4017,AY.12 (Delta-like)
V4018,B.1.617.2
V4019,AY.12 (Delta-like)
V4020,AY.12 (Delta-like)
V4021,AY.4 (Delta-like)
V4022,B.1.617.2
V4023,AY.12 (Delta-like)
V4024,AY.12 (Delta-like)
V4025,AY.12 (Delta-like)
V4026,AY.4 (Delta-like)
V4027,
V4028,AY.4 (Delta-like)
V4029,B.1.617.2
V4030,AY.12 (Delta-like)
V4031,AY.12 (Delta-like)
V4032,AY.12 (Delta-like)
V4033,AY.4 (Delta-like)
V4034,AY.12 (Delta-like)
V4035,AY.7.1 (Delta-like)
V4036,AY.12 (Delta-like)
V4037,B.1.617.2
V4038,AY.12 (Delta-like)
V4039,
V4040,B.1.617.2
V4041,B.1.617.2
V4042,AY.12 (Delta-like)
V4043,B.1.617.2
V4044,
V4045,AY.12 (Delta-like)
V4046,
V4047,AY.19 (Delta-like)
V4048,AY.4 (Delta-like)
V4049,AY.4 (Delta-like)
V4050,AY.4 (Delta-like)
V4051,AY.12 (Delta-like)
V4052,B.1.617.2
V4053,AY.9 (Delta-like)
V4054,AY.12 (Delta-like)
V4055,B.1.617.2
V4056,
V4057,
V4058,
V4059,
V4060,
V4061,
V4062,
V4063,
V4064,AY.12 (Delta-like)
V4065,B.1.617.2
V4066,AY.4 (Delta-like)
V4067,AY.12 (Delta-like)
V4068,AY.12 (Delta-like)
V4069,AY.9 (Delta-like)
V4070,AY.4 (Delta-like)
V4071,AY.9 (Delta-like)
V4072,B.1.617.2
V4073,B.1.617.2
V4074,AY.4 (Delta-like)
V4075,B.1.617.2
V4076,AY.12 (Delta-like)
V4077,AY.9 (Delta-like)
V4078,AY.12 (Delta-like)
V4079,B.1.617.2
V4080,B.1.617.2
V4081,AY.12 (Delta-like)
V4082,AY.12 (Delta-like)
V4083,B.1.617.2
V4084,AY.7 (Delta-like).2
V4085,AY.12 (Delta-like)
V4086,AY.12 (Delta-like)
V4087,AY.12 (Delta-like)
V4088,AY.12 (Delta-like)
V4089,AY.12 (Delta-like)
V4090,AY.12 (Delta-like)
V4091,AY.12 (Delta-like)
V4092,B.1.617.2
V4093,B.1.617.2
V4094,AY.12 (Delta-like)
V4095,AY.12 (Delta-like)
V4096,AY.7 (Delta-like).2
V4097,AY.12 (Delta-like)
V4098,B.1.617.2
V4099,AY.9 (Delta-like)
V4100,AY.12 (Delta-like)
V4101,AY.12 (Delta-like)
V4102,AY.12 (Delta-like)
V4103,AY.12 (Delta-like)
V4104,B.1
V4105,AY.12 (Delta-like)
V4106,AY.12 (Delta-like)
V4107,B.1.617.2
V4108,AY.12 (Delta-like)
V4109,AY.12 (Delta-like)
V4110,AY.12 (Delta-like)
V4111,AY.12 (Delta-like)
V4112,B.1.617.2
V4113,B.1.617.2
V4114,AY.12 (Delta-like)
V4115,AY.9 (Delta-like)
V4116,AY.12 (Delta-like)
V4117,AY.4 (Delta-like)
V4118,AY.9 (Delta-like)
V4119,AY.12 (Delta-like)
V4120,AY.12 (Delta-like)
V4121,B.1.617.2
V4122,B.1.617.2
V4123,AY.12 (Delta-like)
V4124,AY.12 (Delta-like)
V4125,AY.4 (Delta-like)
V4126,AY.12 (Delta-like)
V4127,B.1.617.2
V4128,AY.12 (Delta-like)
V4129,AY.12 (Delta-like)
V4130,AY.12 (Delta-like)
V4131,AY.12 (Delta-like)
V4132,AY.12 (Delta-like)
V4133,B.1.617.2
V4134,
V676,B.1.1.7
V677,B.1.1.7
V678,B.1.1.7
V679,B.1.1.7
V680,B.1.1.7
V681,B.1.1.7
V682,B.1.1.7
V683,B.1.1.7
V684,B.1.1.7
V685,B.1.1.7
V686,B.1.1.7
V687,B.1.1.7
V688,B.1.1.7
V689,B.1.1.7
V690,B.1.1.7
V691,B.1.1.7
V692,B.1.1.7
V693,B.1.1.7
V694,B.1.1.7
V695,B.1.1.7
V696,B.1.1.7
V697,B.1.1.7
V698,B.1.1.7
V699,B.1.1.7
V700,B.1.1.7
V701,B.1.1.7
V702,B.1.1.7
V703,B.1.1.7
V704,B.1.1.7
V705,B.1.1.7
V706,B.1.1.7
V707,B.1.1.7
V708,B.1.1.7
V709,B.1.1.7
V710,B.1.1.7
V711,B.1.1.7
V712,B.1.1.7
V713,
V714,B.1.1.7
V715,B.1.1.7
V716,B.1.1.7
V717,B.1.1.7
V718,B.1.1.7
V719,B.1.1.7
V720,B.1.1.7
V721,B.1.1.7
V722,B.1.1.7
V723,B.1.1.7
V724,B.1.1.7
V725,B.1.1.7
V726,B.1.1.7
V727,B.1.1.7
V728,B.1.1.7
V729,B.1.1.7
V730,B.1.1.7
V731,B.1.1.7
V732,B.1.1.7
V733,B.1.1.7
V734,B.1.1.7
V735,B.1.1.7
V736,B.1.1.7
V737,B.1.1.7
V738,B.1.1.7
V739,B.1.1.7
V740,B.1.1.7
V741,B.1.1.7
V742,B.1.1.7
V743,B.1.1.7
V744,B.1.1.7
V745,B.1.1.7
V746,B.1.1.7
V747,B.1.1.7
V748,B.1.1.7
V749,B.1.1.7
V750,B.1.1.7
V751,B.1.1.7
V753,B.1.1.7
V754,B.1.1.7
V755,B.1.1.7
V756,B.1.1.7
V757,B.1.1.7
V758,B.1.1.7
V759,B.1.1.7
V761,B.1.1.7
V762,B.1.1.7
V763,B.1.1.7
V764,B.1.1.7
V765,B.1.1.7
V766,B.1.1.7
V767,B.1.1.7
V768,B.1.1.7
V769,B.1.1.7
V770,B.1.1.7
V771,B.1.1.7
V772,B.1.1.7
V773,B.1.1.7
V774,B.1.1.7
V775,B.1.1.7
V776,
V777,B.1.617
V778,B.1.617
V779,B.1.617
V780,B.1.617
V781,B.1.617
V782,B.1.617
V783,B.1.1.7
V784,B.1.1.7
V785,B.1.1.7
V786,B.1.1.7
V787,B.1.1.7
V788,B.1.1.7
V789,B.1.1.7
V790,B.1.1.7
V791,B.1.1.7
V792,B.1.1.7
V793,B.1.1.7
V794,B.1.1.7
V795,B.1.1.7
V796,B.1.1.7
V797,B.1.1.7
V798,B.1.1.7
V799,B.1.1.7
V800,B.1.1.7
V801,B.1.1.7
V802,B.1.1.7
V803,B.1.1.7
V804,B.1.1.7
V806,B.1.1.7
V807,B.1.1.7
V808,B.1.1.7
V809,B.1.1.7
V810,B.1.1.7
V811,B.1.1.7
V812,B.1.1.7
V813,B.1.1.7
V814,B.1.1.7
V815,B.1.1.7
V816,B.1.1.7
V817,B.1.1.7
V818,B.1.1.7
V819,B.1.1.7
V820,B.1.1.7
V821,B.1.1.7
V822,B.1.1.7
V823,B.1.1.7
V824,B.1.1.7
V825,B.1.1.7
V826,B.1.1.7
V827,B.1.1.7
V828,B.1.1.7
V829,B.1.1.7
V830,B.1.1.7
V831,B.1.1.7
V832,B.1.1.7
V833,B.1.1.7
V834,B.1.1.7
V835,B.1.1.7
V836,B.1.1.7
V837,B.1.1.7
V838,B.1.1.7
V839,B.1.1.7
V840,B.1.1.7
V841,B.1.1.7
V842,B.1.1.7
V843,B.1.177
V844,B.1.1.7
V845,B.1.1.7
V846,B.1.1.7
V847,B.1.1.7
V848,B.1.1.7
V849,B.1.1.7
V850,B.1.1.7
V851,B.1.1.7
V852,B.1.1.7
V853,B.1.1.7
V854,B.1.1.7
V855,B.1.1.7
V856,B.1.1.7
V857,B.1.1.7
V873,B.1.1.7
V874,B.1.1.7
V875,B.1.1.7
V878,B.1.1.7
V879,
V880,B.1.1.7
V881,B.1.1.7
V882,B.1.1.7
V883,
V884,
V885,B.1.1.7
V886,
V887,B.1.1.7
V888,B.1.1.7
V889,B.1.1.7
V890,B.1.1.7
V891,B.1.1.7
V892,B.1.1.7
V893,B.1.1.7
V894,B.1.1.7
V895,B.1.1.7
V896,B.1.1.7
V897,B.1.1.7
V898,B.1.1.7
V899,B.1.1.7
V900,B.1.1.7
V901,B.1.1.7
V902,B.1.1.7
V903,B.1.1.7
V904,
V905,B.1.1.7
V906,B.1.1.7
V907,B.1.1.7
V908,B.1.1.7
V909,B.1.1.7
V910,B.1.1.7
V911,B.1.1.318
V912,B.1.1.7
V913,B.1.1.7
V914,B.1.1.7
V915,B.1.1.7
V916,B.1.1.7
V917,B.1.1.7
V918,B.1.1.7
V919,B.1.1.7
V920,B.1.1.7
V921,B.1.1.7
V922,B.1.1.7
V923,B.1.1.7
V924,B.1.1.7
V925,B.1.1.7
V926,B.1.1.7
V927,B.1.1.7
V928,B.1.1.7
V929,B.1.1.7
V930,B.1.1.7
V931,B.1.1.7
V932,B.1.1.7
V933,B.1.1.7
V934,B.1.1.7
V935,B.1.1.7
V936,B.1.1.7
V937,B.1.1.7
V938,B.1.1.7
V939,B.1.1.7
V940,B.1.1.7
V941,B.1.1.7
V942,B.1.1.7
V943,B.1.1.7
V944,B.1.1.7
V945,B.1.1.7
V946,B.1.1.7
V947,B.1.1.7
V948,B.1.1.7
V949,B.1.1.7
V950,B.1.1.7
V951,
V952,B.1.1.7
V953,B.1.1.7
V954,B.1.1.7
V955,B.1.1.7
V956,B.1.1.7
V957,B.1.1.7
V958,B.1.1.7
V960,B.1.1.7
V961,B.1.1.7
V962,B.1.1.7
V963,B.1.1.7
V964,B.1.1.7
V965,B.1.1.7
V966,B.1.1.7
V967,B.1.1.7
V968,B.1.1.7
V969,B.1.1.7
V970,B.1.1.7
V971,B.1.1.7
V972,B.1.1.7
V973,B.1.1.7
V974,
V975,B.1.1.7
V976,B.1.1.7
V977,B.1.1.7
V978,B.1.1.7
V979,B.1.1.7
V980,B.1.1.7
V981,B.1.1.7
V982,B.1.1.7
V983,B.1.1.7
V984,B.1.1.7
V985,B.1.1.7
V986,B.1.1.7
V987,B.1.1.7
V988,B.1.1.7
V989,B.1.1.7
V990,B.1.1.7
V991,B.1.1.7
V992,B.1.1.7
V993,B.1.1.7
V994,B.1.1.7
V995,B.1.1.7
V996,B.1.1.7
V997,B.1.1.7
V998,B.1.1.7
V999,B.1.1.7
